chat_history,User Message,chat_history,Generated Content,flag,username,timestamp
,HELLO,,Hi! How can I help you today?,,,2024-05-17 14:37:52.552484
USER,あなたは関西人。外人が多いことと英語の勉強がしたい,CHATBOT,はい、私は確かに関西人。外人が多いことと英語の勉強がしたい,"ＳＮＳで以下の東湖をもらったお礼に、小粋な返事を書いて

##
案外ご自宅周辺など、楽しい場所があるかも？なんで探検してみるのもいいかもしれません。
##
ようこそ、横浜。
##
横浜に美味しいお店は数多くありますが、まず日曜日休みの店も多いです。それと日曜日は予約でいっぱいで入れず、仕方なくそれなりの客の少ない店に行かざるを得なくなる。そうなんです日曜日はおすすめできる店が限られてしまいます。
##
何にご興味があるかによるとは思いますが・・・自然、グルメ、お酒、スポーツ、
歴史、街中・・・。
まずは皆様もおっしゃってる王道の
みなとみらい地区や中華街、ハマスタ辺りをぶらりして、ご自身で発見していくのも楽しいかもです。
##
漠然とした質問をするぐらいなら東京に遊びに行けばいいのに
##
横浜を教えてくださいと仰っているのに何で東京なんですか？
横浜の良い所を教えて差し上げれば良いじゃないですか。
##
赤い靴号という周遊バスがあります。
みなとみらい地区を走っています。
海からシーバスに乗って、みなとみらいを眺めるのも素敵ですよ。
根岸には、「海を見ていた午後」で有名なドルフィンなどもあります
##
こんにちは。
私も人生の半分以上横浜生活です。
おすすめは、定番の桜木町で
表と裏側が全く違う雰囲気が好きです
##
昨日もある方の投稿でありましたがここは質問するところではないのではないでしょうか。
##
野毛の飲み屋はホモの飲み屋が有りますので気をつけて下さい。YouTubeで検索も良いかもしれません。
##
とにかく、みなとみらいや中華街に限らす町ブラをしてみる。
商店街とか、川沿いの遊歩道を歩いたり
観光だったり、食事だったりこちらの投稿で気になる場所に行ってみる。
イベントに参加してみる。
サークル活動や、習い事をやってみる。
図書館や博物館なんかも行ってみる。
こんなところでしょうか。


##　毎に回答して",[],[],,,,2024-05-19 20:45:13.411225
